<?xml version="1.0" encoding="UTF-8"?>
<flow xmlns="http://www.springframework.org/schema/webflow"
	xmlns:xsi="http://www.w3.org/2001/XMLSchema-instance"
	xsi:schemaLocation="http://www.springframework.org/schema/webflow
                          http://www.springframework.org/schema/webflow/spring-webflow-2.0.xsd">

	<!-- Executed when webFlow is triggered -->
	<on-start>
		<evaluate expression="billingHandler.initFlow()" result="flowScope.billingAddress" />
	</on-start>

		<view-state id="start" view="billingAddress" model="flowScope.billingAddress">
		<transition on="submit" to="validate" />
	</view-state>

	<action-state id="validate">
		<evaluate expression="billingHandler.validateDetails(billingAddress,messageContext)"></evaluate>
		<transition on="success" to="confirmDetails" />
		<transition on="failure" to="start" />
	</action-state>

	<view-state id="confirmDetails" view="orderSummary" model="flowScope.billingAddress">
		<transition on="edit" to="start" />
		<transition on="submit" to="welcome" />
	</view-state>

	<end-state id="welcome" view="payment" />

	  <!--  <end-state id="toHome" view="externalRedirect:contextRelative:index1" />-->

	<end-state id="toException"
		view="externalRedirect:contextRelative:exception" />

	
	<global-transitions>
		<!-- <transition on="home" to="toHome" />-->
		<transition on="error" to="toException" />
	</global-transitions> 
</flow>